social.SocialDistancing,BasicSocialDistanceUtility
social_ui.main_model.DerivingMainModel,SocialDistancDerivingModel
IModel,SocialDistancDerivingModel
social_ui.main_model.ClassifierModel,SocialDistancInferringModel
IModel,SocialDistancInferringModel
social_ui.main_model.BasicMainModel,SocialDistanceBasicModel
IModel,SocialDistanceBasicModel
social_ui.weka.WekaClassifierFactory,SocialDistanceClassifierFactory
social_ui.main_controller.Controller,SocialDistanceController
IController,SocialDistanceController
social_ui.main_controller.ControllerFactory,SocialDistanceControllerFactory
social_ui.main_model.InterpolatingMainModel,SocialDistanceInterpolatingModel
IModel,SocialDistanceInterpolatingModel
social_ui.mvc.TestBasicMainMvc,SocialDistanceMVCBasicMain
social_ui.mvc.TestDerivingMainMvc,SocialDistanceMVCDerivingMain
social_ui.mvc.TestClassifierMainMvc,SocialDistanceMVCInferringMain
social_ui.mvc.TestInterpolatingMainMvc,SocialDistanceMVCInterpolatingMain
social_ui.main_model.ModelFactory,SocialDistanceModelFactory
social.SocialDistancingTester,SocialDistanceUilityTesterMain
social_ui.main_view.View,SocialDistanceView
SocialMainView,SocialDistanceView
social_ui.main_view.ViewFactory,SocialDistanceViewFactory
